Banking & Finance - ATM Withdrawals,Cash Withdrawals
Banking & Finance - Fees,Fines/Fees
Banking & Finance - Home Loan Interest,Rent/Mortgage
Banking & Finance - Interest,Income
Banking & Finance - Loan Repayments,Rent/Mortgage
Banking & Finance - Taxes & Fines,Fines/Fees
Car - Fines,Fines/Fees
Car - Purchase,Uncategorized
Car - Registration,Car Registration
Car - Servicing,Car Maintenance
Entertainment - Betting & Lotteries,Entertainment
Entertainment - Events,Entertainment
Entertainment - Gaming,Entertainment
Entertainment - Media Subscriptions,Entertainment
Entertainment - Movies,Entertainment
Entertainment - Music,Entertainment
Entertainment - Other Entertainment,Entertainment
Food & Drinks - Bars & Pubs,Eating Out
Food & Drinks - Cafes & Coffee,Eating Out
Food & Drinks - Other Food & Drinks,Eating Out
Food & Drinks - Restaurants,Eating Out
Food & Drinks - Takeaways,Eating Out
Groceries - Convenience Stores,Groceries
Groceries - Liquor Stores,Groceries
Groceries - Other Groceries,Groceries
Groceries - Supermarkets,Groceries
Health & Beauty - Chemists,Health & Wellness
Health & Beauty - Doctors & Dentist,Health & Wellness
Health & Beauty - Eyewear,Health & Wellness
Health & Beauty - Gyms & Fitness,Health & Wellness
Health & Beauty - Hair & Beauty,Health & Wellness
Health & Beauty - Other Health & Beauty,Health & Wellness
Holiday - Other,Holiday
Holiday & Travel - Flights,Holiday
Holiday & Travel - Hotels & Accomodation,Holiday
Holiday & Travel - Other Travel,Holiday
Holiday & Travel - Vehicle Rentals,Holiday
Home - Home Improvement,Home Maintenance
Home - Other Home,Home Maintenance
Home - Rates,Rates
Home - Rent,Rent/Mortgage
Home - Services & Trades,Home Maintenance
Household Utilities - Electricity & Gas,Electric
Household Utilities - Hosting,Internet
Household Utilities - Other Household Utilities,Rates
Household Utilities - Phone & Internet,Cellphone
Household Utilities - Water,Water
Income - Deposits,Income
Income - Govt Benefits,Income
Income - Other Income,Income
Income - Salary & Wages,Income
Income - Shares & Dividends,Income
Insurance - Car Insurance,Insurance
Insurance - Health & Life Insurance,Insurance
Insurance - Other Insurance,Insurance
Kids - Activities & Entertainment,Entertainment
Kids - Childcare,Childcare
Kids - Education,School Fees
Kids - Other Kids,Uncategorized
Kids - School Fees,School Fees
Miscellaneous - Charity,Charity
Miscellaneous - Other,Uncategorized
Miscellaneous - Uncategorised,Uncategorized
Pets - Pet Shops,Pet Care
Shopping - Clothing & Fashion,Clothing
Shopping - Electronics & Appliances,Electronics/Appliances
Shopping - Furniture,Furniture
Shopping - Gifts,Gifts
Shopping - Homewares,Homeware
Shopping - Jewellery,Gifts
Shopping - Other Shopping,Uncategorized
Shopping - Shipping,Uncategorized
Shopping - Software,Career Development
Shopping - Sports & Outdoor,Health & Wellness
Transferring Money - Credit Card,Credit Card Payments
Transferring Money - Other Transferring Money,Uncategorized
Transferring Money - Savings,Savings Transfer
Transport - Fuel,Transportation
Transport - Other Transport,Transportation
Transport - Parking & Tolls,Parking/Tolls
Transport - Public Transport,Transportation
Transport - Taxi & Rideshare,Transportation
Transport - Vehicle Maintenance,Car Maintenance
Uncategorised,Uncategorized
Work & Study - Books & Stationery,Career Development
Work & Study - Course Fees,Career Development
Work & Study - News & Subscriptions,Career Development
Work & Study - Other Work & Study,Career Development